train_MAE,val_MAE,test_MAE,Params,ModelMB,CPUms
0.9224123358726501,0.9954217076301575,0.9429020881652832,37537.0,0.1617269515991211,2.2710180282592773
