VV_train_MAE,VV_val_MAE,PURE_test_MAE,Params,ModelMB,CPUms
0.8086682558059692,0.763509213924408,1.533058762550354,37537.0,0.1617269515991211,2.4615859985351562
